{
    "type": "MinMaxScaler",
    "min_": [
        -0.0008976660682226212,
        0.0,
        0.0,
        -0.00013183915622940013,
        0.0,
        0.0,
        0.0,
        0.0,
        -0.03333333333333333,
        -0.09090909090909091,
        -1006.5,
        -0.0196078431372549
    ],
    "scale_": [
        0.0008976660682226212,
        1.0,
        1.0,
        6.591957811470007e-06,
        0.0007215007215007215,
        1.0,
        0.013888888888888888,
        1.0,
        0.03333333333333333,
        0.09090909090909091,
        0.5,
        0.0196078431372549
    ]
}